{
    "accuracy": 0.6814024390243902,
    "precision": 0.675,
    "recall": 0.32270916334661354,
    "f1-score": 0.4366576819407008,
    "test_size": 0.2,
    "n_estimators": 1000,
    "max_depth": 50
}
